{"cameraMode":{"drawMode":0,"name":"Shaded","section":"Shading Mode"},"sceneLighting":false,"audioPlay":false,"sceneViewState":{"m_AlwaysRefresh":false,"showFog":true,"showSkybox":false,"showFlares":true,"showImageEffects":true,"showParticleSystems":true,"showVisualEffectGraphs":true,"m_FxEnabled":true},"in2DMode":false,"pivot":{"x":-0.353896826505661,"y":5.271177291870117,"z":-3.7532005310058595},"rotation":{"x":-0.4240782856941223,"y":0.015509386546909809,"z":-0.007215859368443489,"w":-0.9054949879646301},"size":0.8660253882408142,"orthographic":false}