{"cameraMode":{"drawMode":0,"name":"Shaded","section":"Shading Mode"},"sceneLighting":false,"audioPlay":false,"sceneViewState":{"m_AlwaysRefresh":false,"showFog":true,"showSkybox":false,"showFlares":true,"showImageEffects":true,"showParticleSystems":true,"showVisualEffectGraphs":true,"m_FxEnabled":true},"in2DMode":false,"pivot":{"x":84.77745819091797,"y":9.35936164855957,"z":43.105140686035159},"rotation":{"x":0.008795137517154217,"y":-0.9805643558502197,"z":0.19092139601707459,"w":0.04502943530678749},"size":1.7320507764816285,"orthographic":false}