{"cameraMode":{"drawMode":0,"name":"Shaded","section":"Shading Mode"},"sceneLighting":false,"audioPlay":false,"sceneViewState":{"m_AlwaysRefresh":false,"showFog":true,"showSkybox":false,"showFlares":true,"showImageEffects":true,"showParticleSystems":true,"showVisualEffectGraphs":true,"m_FxEnabled":true},"in2DMode":false,"pivot":{"x":0.0318150520324707,"y":0.6932353973388672,"z":-0.006084442138671875},"rotation":{"x":0.042819663882255557,"y":-0.9008942246437073,"z":0.09139411151409149,"w":0.4222690761089325},"size":2.2983222007751467,"orthographic":false}