{"cameraMode":{"drawMode":0,"name":"Shaded","section":"Shading Mode"},"sceneLighting":false,"audioPlay":false,"sceneViewState":{"m_AlwaysRefresh":false,"showFog":true,"showSkybox":false,"showFlares":true,"showImageEffects":true,"showParticleSystems":true,"showVisualEffectGraphs":true,"m_FxEnabled":true},"in2DMode":false,"pivot":{"x":19.015403747558595,"y":0.37655168771743777,"z":3.819997787475586},"rotation":{"x":-0.1993328034877777,"y":-0.0552222803235054,"z":0.01128443330526352,"w":-0.9783320426940918},"size":0.4611535668373108,"orthographic":false}